id,balance,actualdate,paiddate,feepaid,modeofpayement,remarks,month,test
1,0,2018-07-15,,0,,,7,1
1,0,2018-08-15,,0,,,8,2
1,0,2018-09-15,,0,,,9,3
1,0,2018-10-15,,0,,,10,4
1,0,2018-11-15,,0,,,11,5
1,0,2018-12-15,,0,,,12,6
1,0,2019-01-15,,0,,,1,7
1,0,2019-02-15,,0,,,2,8
1,0,2019-03-15,,0,,,3,9
1,0,2019-04-15,,0,,,4,10
1,0,2019-05-15,,0,,,5,11
1,0,2019-06-15,,0,,,6,12
2,0,2018-07-15,,0,,,7,1
2,0,2018-08-15,,0,,,8,2
2,0,2018-09-15,,0,,,9,3
2,0,2018-10-15,,0,,,10,4
2,0,2018-11-15,,0,,,11,5
2,0,2018-12-15,,0,,,12,6
2,0,2019-01-15,,0,,,1,7
2,0,2019-02-15,,0,,,2,8
2,0,2019-03-15,,0,,,3,9
2,0,2019-04-15,,0,,,4,10
2,0,2019-05-15,,0,,,5,11
2,0,2019-06-15,,0,,,6,12
3,0,2018-07-19,,0,,,7,1
3,0,2018-08-19,,0,,,8,2
3,0,2018-09-19,,0,,,9,3
3,0,2018-10-19,,0,,,10,4
3,0,2018-11-19,,0,,,11,5
3,0,2018-12-19,,0,,,12,6
3,0,2019-01-19,,0,,,1,7
3,0,2019-02-19,,0,,,2,8
3,0,2019-03-19,,0,,,3,9
3,0,2019-04-19,,0,,,4,10
3,0,2019-05-19,,0,,,5,11
3,0,2019-06-19,,0,,,6,12
4,0,2018-07-19,,0,,,7,1
4,0,2018-08-19,,0,,,8,2
4,0,2018-09-19,,0,,,9,3
4,0,2018-10-19,,0,,,10,4
4,0,2018-11-19,,0,,,11,5
4,0,2018-12-19,,0,,,12,6
4,0,2019-01-19,,0,,,1,7
4,0,2019-02-19,,0,,,2,8
4,0,2019-03-19,,0,,,3,9
4,0,2019-04-19,,0,,,4,10
4,0,2019-05-19,,0,,,5,11
4,0,2019-06-19,,0,,,6,12
5,0,2018-07-20,,0,,,7,1
5,0,2018-08-20,,0,,,8,2
5,0,2018-09-20,,0,,,9,3
5,0,2018-10-20,,0,,,10,4
5,0,2018-11-20,,0,,,11,5
5,0,2018-12-20,,0,,,12,6
5,0,2019-01-20,,0,,,1,7
5,0,2019-02-20,,0,,,2,8
5,0,2019-03-20,,0,,,3,9
5,0,2019-04-20,,0,,,4,10
5,0,2019-05-20,,0,,,5,11
5,0,2019-06-20,,0,,,6,12
6,0,2018-07-21,,0,,,7,1
6,0,2018-08-21,,0,,,8,2
6,0,2018-09-21,,0,,,9,3
6,0,2018-10-21,,0,,,10,4
6,0,2018-11-21,,0,,,11,5
6,0,2018-12-21,,0,,,12,6
6,0,2019-01-21,,0,,,1,7
6,0,2019-02-21,,0,,,2,8
6,0,2019-03-21,,0,,,3,9
6,0,2019-04-21,,0,,,4,10
6,0,2019-05-21,,0,,,5,11
6,0,2019-06-21,,0,,,6,12
7,0,2018-07-23,,0,,,7,1
7,0,2018-08-23,,0,,,8,2
7,0,2018-09-23,,0,,,9,3
7,0,2018-10-23,,0,,,10,4
7,0,2018-11-23,,0,,,11,5
7,0,2018-12-23,,0,,,12,6
7,0,2019-01-23,,0,,,1,7
7,0,2019-02-23,,0,,,2,8
7,0,2019-03-23,,0,,,3,9
7,0,2019-04-23,,0,,,4,10
7,0,2019-05-23,,0,,,5,11
7,0,2019-06-23,,0,,,6,12
8,0,2018-07-29,,0,,,7,1
8,0,2018-08-29,,0,,,8,2
8,0,2018-09-29,,0,,,9,3
8,0,2018-10-29,,0,,,10,4
8,0,2018-11-29,,0,,,11,5
8,0,2018-12-29,,0,,,12,6
8,0,2019-01-29,,0,,,1,7
8,0,2019-02-28,,0,,,2,8
8,0,2019-03-29,,0,,,3,9
8,0,2019-04-29,,0,,,4,10
8,0,2019-05-29,,0,,,5,11
8,0,2019-06-29,,0,,,6,12
9,0,2018-07-29,,0,,,7,1
9,0,2018-08-29,,0,,,8,2
9,0,2018-09-29,,0,,,9,3
9,0,2018-10-29,,0,,,10,4
9,0,2018-11-29,,0,,,11,5
9,0,2018-12-29,,0,,,12,6
9,0,2019-01-29,,0,,,1,7
9,0,2019-02-28,,0,,,2,8
9,0,2019-03-29,,0,,,3,9
9,0,2019-04-29,,0,,,4,10
9,0,2019-05-29,,0,,,5,11
9,0,2019-06-29,,0,,,6,12
10,0,2018-07-29,,0,,,7,1
10,0,2018-08-29,,0,,,8,2
10,0,2018-09-29,,0,,,9,3
10,0,2018-10-29,,0,,,10,4
10,0,2018-11-29,,0,,,11,5
10,0,2018-12-29,,0,,,12,6
10,0,2019-01-29,,0,,,1,7
10,0,2019-02-28,,0,,,2,8
10,0,2019-03-29,,0,,,3,9
10,0,2019-04-29,,0,,,4,10
10,0,2019-05-29,,0,,,5,11
10,0,2019-06-29,,0,,,6,12
11,0,2018-07-29,,0,,,7,1
11,0,2018-08-29,,0,,,8,2
11,0,2018-09-29,,0,,,9,3
11,0,2018-10-29,,0,,,10,4
11,0,2018-11-29,,0,,,11,5
11,0,2018-12-29,,0,,,12,6
11,0,2019-01-29,,0,,,1,7
11,0,2019-02-28,,0,,,2,8
11,0,2019-03-29,,0,,,3,9
11,0,2019-04-29,,0,,,4,10
11,0,2019-05-29,,0,,,5,11
11,0,2019-06-29,,0,,,6,12
12,0,2018-07-29,,0,,,7,1
12,0,2018-08-29,,0,,,8,2
12,0,2018-09-29,,0,,,9,3
12,0,2018-10-29,,0,,,10,4
12,0,2018-11-29,,0,,,11,5
12,0,2018-12-29,,0,,,12,6
12,0,2019-01-29,,0,,,1,7
12,0,2019-02-28,,0,,,2,8
12,0,2019-03-29,,0,,,3,9
12,0,2019-04-29,,0,,,4,10
12,0,2019-05-29,,0,,,5,11
12,0,2019-06-29,,0,,,6,12
13,0,2018-07-29,,0,,,7,1
13,0,2018-08-29,,0,,,8,2
13,0,2018-09-29,,0,,,9,3
13,0,2018-10-29,,0,,,10,4
13,0,2018-11-29,,0,,,11,5
13,0,2018-12-29,,0,,,12,6
13,0,2019-01-29,,0,,,1,7
13,0,2019-02-28,,0,,,2,8
13,0,2019-03-29,,0,,,3,9
13,0,2019-04-29,,0,,,4,10
13,0,2019-05-29,,0,,,5,11
13,0,2019-06-29,,0,,,6,12
14,0,2018-08-01,,0,,,8,1
14,0,2018-09-01,,0,,,9,2
14,0,2018-10-01,,0,,,10,3
14,0,2018-11-01,,0,,,11,4
14,0,2018-12-01,,0,,,12,5
14,0,2019-01-01,,0,,,1,6
14,0,2019-02-01,,0,,,2,7
14,0,2019-03-01,,0,,,3,8
14,0,2019-04-01,,0,,,4,9
14,0,2019-05-01,,0,,,5,10
14,0,2019-06-01,,0,,,6,11
14,0,2019-07-01,,0,,,7,12
15,0,2018-08-01,,0,,,8,1
15,0,2018-09-01,,0,,,9,2
15,0,2018-10-01,,0,,,10,3
15,0,2018-11-01,,0,,,11,4
15,0,2018-12-01,,0,,,12,5
15,0,2019-01-01,,0,,,1,6
15,0,2019-02-01,,0,,,2,7
15,0,2019-03-01,,0,,,3,8
15,0,2019-04-01,,0,,,4,9
15,0,2019-05-01,,0,,,5,10
15,0,2019-06-01,,0,,,6,11
15,0,2019-07-01,,0,,,7,12
16,0,2018-08-01,,0,,,8,1
16,0,2018-09-01,,0,,,9,2
16,0,2018-10-01,,0,,,10,3
16,0,2018-11-01,,0,,,11,4
16,0,2018-12-01,,0,,,12,5
16,0,2019-01-01,,0,,,1,6
16,0,2019-02-01,,0,,,2,7
16,0,2019-03-01,,0,,,3,8
16,0,2019-04-01,,0,,,4,9
16,0,2019-05-01,,0,,,5,10
16,0,2019-06-01,,0,,,6,11
16,0,2019-07-01,,0,,,7,12
17,0,2018-08-01,,0,,,8,1
17,0,2018-09-01,,0,,,9,2
17,0,2018-10-01,,0,,,10,3
17,0,2018-11-01,,0,,,11,4
17,0,2018-12-01,,0,,,12,5
17,0,2019-01-01,,0,,,1,6
17,0,2019-02-01,,0,,,2,7
17,0,2019-03-01,,0,,,3,8
17,0,2019-04-01,,0,,,4,9
17,0,2019-05-01,,0,,,5,10
17,0,2019-06-01,,0,,,6,11
17,0,2019-07-01,,0,,,7,12
18,0,2018-08-01,,0,,,8,1
18,0,2018-09-01,,0,,,9,2
18,0,2018-10-01,,0,,,10,3
18,0,2018-11-01,,0,,,11,4
18,0,2018-12-01,,0,,,12,5
18,0,2019-01-01,,0,,,1,6
18,0,2019-02-01,,0,,,2,7
18,0,2019-03-01,,0,,,3,8
18,0,2019-04-01,,0,,,4,9
18,0,2019-05-01,,0,,,5,10
18,0,2019-06-01,,0,,,6,11
18,0,2019-07-01,,0,,,7,12
19,0,2018-08-01,,0,,,8,1
19,0,2018-09-01,,0,,,9,2
19,0,2018-10-01,,0,,,10,3
19,0,2018-11-01,,0,,,11,4
19,0,2018-12-01,,0,,,12,5
19,0,2019-01-01,,0,,,1,6
19,0,2019-02-01,,0,,,2,7
19,0,2019-03-01,,0,,,3,8
19,0,2019-04-01,,0,,,4,9
19,0,2019-05-01,,0,,,5,10
19,0,2019-06-01,,0,,,6,11
19,0,2019-07-01,,0,,,7,12
20,0,2019-01-03,,0,,,1,1
20,0,2019-02-03,,0,,,2,2
20,0,2019-03-03,,0,,,3,3
20,0,2019-04-03,,0,,,4,4
20,0,2019-05-03,,0,,,5,5
20,0,2019-06-03,,0,,,6,6
20,0,2019-07-03,,0,,,7,7
20,0,2019-08-03,,0,,,8,8
20,0,2019-09-03,,0,,,9,9
20,0,2019-10-03,,0,,,10,10
20,0,2019-11-03,,0,,,11,11
20,0,2019-12-03,,0,,,12,12
21,0,2019-01-03,,0,,,1,1
21,0,2019-02-03,,0,,,2,2
21,0,2019-03-03,,0,,,3,3
21,0,2019-04-03,,0,,,4,4
21,0,2019-05-03,,0,,,5,5
21,0,2019-06-03,,0,,,6,6
21,0,2019-07-03,,0,,,7,7
21,0,2019-08-03,,0,,,8,8
21,0,2019-09-03,,0,,,9,9
21,0,2019-10-03,,0,,,10,10
21,0,2019-11-03,,0,,,11,11
21,0,2019-12-03,,0,,,12,12
22,0,2019-01-03,,0,,,1,1
22,0,2019-02-03,,0,,,2,2
22,0,2019-03-03,,0,,,3,3
22,0,2019-04-03,,0,,,4,4
22,0,2019-05-03,,0,,,5,5
22,0,2019-06-03,,0,,,6,6
22,0,2019-07-03,,0,,,7,7
22,0,2019-08-03,,0,,,8,8
22,0,2019-09-03,,0,,,9,9
22,0,2019-10-03,,0,,,10,10
22,0,2019-11-03,,0,,,11,11
22,0,2019-12-03,,0,,,12,12
23,0,2019-01-03,,0,,,1,1
23,0,2019-02-03,,0,,,2,2
23,0,2019-03-03,,0,,,3,3
23,0,2019-04-03,,0,,,4,4
23,0,2019-05-03,,0,,,5,5
23,0,2019-06-03,,0,,,6,6
23,0,2019-07-03,,0,,,7,7
23,0,2019-08-03,,0,,,8,8
23,0,2019-09-03,,0,,,9,9
23,0,2019-10-03,,0,,,10,10
23,0,2019-11-03,,0,,,11,11
23,0,2019-12-03,,0,,,12,12
24,0,2019-01-03,,0,,,1,1
24,0,2019-02-03,,0,,,2,2
24,0,2019-03-03,,0,,,3,3
24,0,2019-04-03,,0,,,4,4
24,0,2019-05-03,,0,,,5,5
24,0,2019-06-03,,0,,,6,6
24,0,2019-07-03,,0,,,7,7
24,0,2019-08-03,,0,,,8,8
24,0,2019-09-03,,0,,,9,9
24,0,2019-10-03,,0,,,10,10
24,0,2019-11-03,,0,,,11,11
24,0,2019-12-03,,0,,,12,12
25,0,2019-01-03,,0,,,1,1
25,0,2019-02-03,,0,,,2,2
25,0,2019-03-03,,0,,,3,3
25,0,2019-04-03,,0,,,4,4
25,0,2019-05-03,,0,,,5,5
25,0,2019-06-03,,0,,,6,6
25,0,2019-07-03,,0,,,7,7
25,0,2019-08-03,,0,,,8,8
25,0,2019-09-03,,0,,,9,9
25,0,2019-10-03,,0,,,10,10
25,0,2019-11-03,,0,,,11,11
25,0,2019-12-03,,0,,,12,12
26,0,2019-01-03,,0,,,1,1
26,0,2019-02-03,,0,,,2,2
26,0,2019-03-03,,0,,,3,3
26,0,2019-04-03,,0,,,4,4
26,0,2019-05-03,,0,,,5,5
26,0,2019-06-03,,0,,,6,6
26,0,2019-07-03,,0,,,7,7
26,0,2019-08-03,,0,,,8,8
26,0,2019-09-03,,0,,,9,9
26,0,2019-10-03,,0,,,10,10
26,0,2019-11-03,,0,,,11,11
26,0,2019-12-03,,0,,,12,12
27,0,2019-01-03,,0,,,1,1
27,0,2019-02-03,,0,,,2,2
27,0,2019-03-03,,0,,,3,3
27,0,2019-04-03,,0,,,4,4
27,0,2019-05-03,,0,,,5,5
27,0,2019-06-03,,0,,,6,6
27,0,2019-07-03,,0,,,7,7
27,0,2019-08-03,,0,,,8,8
27,0,2019-09-03,,0,,,9,9
27,0,2019-10-03,,0,,,10,10
27,0,2019-11-03,,0,,,11,11
27,0,2019-12-03,,0,,,12,12
28,0,2019-01-03,,0,,,1,1
28,0,2019-02-03,,0,,,2,2
28,0,2019-03-03,,0,,,3,3
28,0,2019-04-03,,0,,,4,4
28,0,2019-05-03,,0,,,5,5
28,0,2019-06-03,,0,,,6,6
28,0,2019-07-03,,0,,,7,7
28,0,2019-08-03,,0,,,8,8
28,0,2019-09-03,,0,,,9,9
28,0,2019-10-03,,0,,,10,10
28,0,2019-11-03,,0,,,11,11
28,0,2019-12-03,,0,,,12,12
29,0,2019-01-03,,0,,,1,1
29,0,2019-02-03,,0,,,2,2
29,0,2019-03-03,,0,,,3,3
29,0,2019-04-03,,0,,,4,4
29,0,2019-05-03,,0,,,5,5
29,0,2019-06-03,,0,,,6,6
29,0,2019-07-03,,0,,,7,7
29,0,2019-08-03,,0,,,8,8
29,0,2019-09-03,,0,,,9,9
29,0,2019-10-03,,0,,,10,10
29,0,2019-11-03,,0,,,11,11
29,0,2019-12-03,,0,,,12,12
